Player,TM,GM,KI,MK,HB,DI,GL,BH,HO,TK,RB,IF,CL,CG,FF,FA,BR,CP,UP,CM,MI,1%,BO,GA  
"Neale, Lachie",BL,19,249,80,262,511,14,13,,59,28,81,103,52,21,12,31,237,267,4,8,16,4,2
"Macrae, Jack",WB,18,206,50,269,475,3,3,7,71,31,76,72,46,29,10,15,185,298,3,,24,4,5
"Lloyd, Jake",SY,17,284,81,155,439,1,,,37,96,23,12,31,11,5,3,104,240,3,,37,1,4
"Gaff, Andrew",WC,18,251,81,186,437,5,4,,42,29,58,41,43,15,7,8,130,300,3,10,24,7,9
"Boak, Travis",PA,19,217,51,219,436,8,8,,72,15,79,96,40,13,7,21,191,247,2,6,16,1,12
"Guthrie, Cameron",GE,20,214,91,220,434,6,1,,83,33,48,76,54,17,18,14,161,260,3,5,16,4,7
"Menegola, Sam",GE,20,251,113,181,432,14,5,,32,37,63,52,53,3,14,5,144,291,7,11,20,1,11
"Adams, Taylor",CW,19,245,63,186,431,9,2,,103,19,63,99,64,29,23,11,204,231,4,4,26,3,5
"Mitchell, Tom",HW,17,172,52,257,429,2,1,,75,28,46,73,46,20,18,10,176,254,1,1,13,3,3
"Oliver, Clayton",ME,17,195,57,230,425,3,1,,92,27,64,110,69,22,22,14,227,203,3,1,13,1,9
"Dangerfield, Patrick",GE,20,273,77,151,424,16,16,,52,24,103,91,67,31,26,15,223,197,20,17,27,8,23
"Merrett, Zach",ES,16,221,69,199,420,2,2,,55,30,78,57,46,15,12,13,124,295,2,1,19,4,7
"Crouch, Matt",AD,16,162,44,256,418,2,3,,74,29,35,68,41,19,14,3,155,262,,1,11,1,1
"Steele, Jack",SK,19,204,72,213,417,11,2,,104,25,62,95,49,25,13,20,209,208,8,9,27,2,11
"Lyons, Jarryd",BL,19,255,64,156,411,4,10,,77,17,75,98,43,22,12,9,200,188,4,4,22,,10
"Petracca, Christian",ME,17,201,58,199,400,15,14,,55,20,69,65,60,18,16,20,216,199,7,15,13,2,13
"Martin, Dustin",RI,19,235,51,157,392,18,11,1,43,2,103,71,80,12,22,15,195,186,16,13,34,14,12
"Whitfield, Lachie",GW,17,224,111,166,390,1,2,,34,67,39,26,49,15,12,4,91,280,5,3,24,2,7
"Laird, Rory",AD,17,186,46,203,389,3,1,,69,54,47,52,56,19,20,4,150,248,1,1,18,1,4
"Duncan, Mitch",GE,19,243,116,139,382,12,8,,64,37,52,35,53,13,14,5,101,279,5,11,18,12,16
"Smith, Bailey",WB,18,190,30,192,382,6,9,,45,21,64,61,38,7,11,7,133,252,1,2,8,7,5
"Parker, Luke",SY,17,190,54,187,377,6,5,,84,23,52,82,66,22,21,15,192,174,4,7,31,,6
"Bontempelli, Marcus",WB,18,211,59,164,375,11,7,1,88,23,78,93,65,15,23,10,175,213,12,11,55,,11
"Short, Jayden",RI,20,279,111,96,375,,4,,21,88,48,9,30,10,8,3,88,235,5,2,29,26,3
"Wines, Ollie",PA,17,177,30,194,371,8,5,,64,16,65,81,40,23,10,10,180,186,,3,18,,6
"Rockliff, Tom",PA,16,191,36,174,365,4,3,,100,19,40,65,43,19,10,10,147,206,,1,20,,1
"Higgins, Shaun",NM,17,186,63,177,363,4,1,,50,40,46,33,45,14,15,2,96,260,1,2,15,4,4
"Daniel, Caleb",WB,18,225,59,138,363,3,2,,42,69,29,20,30,10,9,3,110,203,,,40,7,2
"Crisp, Jack",CW,19,220,91,143,363,2,2,,58,48,55,22,48,14,11,5,103,266,7,,51,7,6
"Kelly, Tim",WC,18,208,46,153,361,5,4,,75,34,73,73,62,10,15,11,159,208,1,2,11,2,18
"McCluggage, Hugh",BL,19,219,70,136,355,8,21,,52,34,63,42,34,13,6,4,149,216,1,9,23,,14
"Pendlebury, Scott",CW,15,175,38,179,354,1,2,1,45,13,62,65,40,19,3,13,144,212,,,39,1,10
"Billings, Jack",SK,19,205,78,147,352,11,6,,47,27,49,36,40,13,6,2,118,237,3,6,27,,6
"Walsh, Sam",CA,17,193,73,156,349,8,4,,47,26,66,45,52,7,14,8,143,213,2,1,13,4,5
"Maynard, Brayden",CW,19,254,78,95,349,,1,,47,72,38,11,49,17,18,,110,207,11,,55,,3
"Shiel, Dylan",ES,15,188,38,159,347,4,6,,52,20,58,74,40,18,9,6,143,190,,2,19,10,8
"Simpkin, Jy",NM,17,171,37,173,344,6,5,,63,19,43,74,67,21,27,8,163,184,2,4,16,4,3
"McDonald, Luke",NM,17,209,68,135,344,,,,44,85,28,12,44,7,17,2,88,202,7,1,40,,
"Dumont, Trent",NM,17,176,52,166,342,3,4,,76,28,52,56,28,18,8,,133,211,2,4,19,,5
"Langdon, Ed",ME,17,216,88,125,341,2,8,,22,35,53,24,39,6,12,,94,245,4,4,14,8,2
"Miller, Touk",GC,17,177,50,163,340,3,4,,88,29,40,66,47,31,14,3,158,198,1,2,28,,7
"Brayshaw, Andrew",FR,17,147,49,191,338,,3,,83,25,38,52,31,18,8,9,137,205,1,2,28,7,5
"Coniglio, Stephen",GW,16,196,44,141,337,5,8,,62,18,38,69,51,17,19,4,137,196,1,6,11,5,7
"Sheed, Dom",WC,17,172,55,164,336,8,3,,40,30,47,84,58,14,16,11,165,188,2,3,21,4,2
"Cripps, Patrick",CA,17,152,40,182,334,7,11,,81,10,53,101,61,38,25,10,202,136,11,10,24,3,1
"Liberatore, Tom",WB,16,150,31,182,332,5,3,,57,20,41,74,38,12,20,2,182,161,2,4,20,,5
"Hopper, Jacob",GW,17,159,40,168,327,1,7,,71,29,41,63,43,22,18,4,166,162,1,3,4,1,4
"Parish, Darcy",ES,17,146,27,180,326,7,4,,52,12,56,72,52,5,9,,156,173,1,4,11,,6
"Stewart, Tom",GE,17,247,119,77,324,,1,,20,92,34,11,31,3,12,1,73,200,10,1,53,,2
"Saad, Adam",ES,17,202,49,119,321,2,1,,34,76,50,11,33,10,8,2,85,209,2,,62,12,3
"Byrne-Jones, Darcy",PA,19,204,64,117,321,,2,,34,39,35,45,46,17,7,2,126,196,3,2,36,7,3
"Curnow, Ed",CA,17,212,42,108,320,4,3,,88,27,64,71,51,13,18,5,153,156,3,1,24,1,6
"Viney, Jack",ME,16,166,40,152,318,5,4,,67,13,68,82,55,28,15,6,175,152,4,2,22,,10
"Ryan, Luke",FR,17,251,88,65,316,,,,20,112,12,5,29,11,13,6,71,157,5,,80,7,1
"Gray, Robbie",PA,19,127,40,188,315,15,7,,57,3,40,44,41,12,19,5,139,180,4,10,27,4,14
"Anderson, Jed",NM,15,177,41,138,315,3,4,,75,19,53,64,47,21,8,3,146,162,2,3,17,,10
"Murphy, Marc",CA,17,178,63,135,313,4,7,,37,14,51,41,45,11,18,2,106,199,,7,11,4,7
"Daicos, Josh",CW,18,169,68,143,312,10,3,,42,25,39,32,31,18,8,2,104,211,3,4,11,1,3
"Clark, Hunter",SK,18,188,64,122,310,1,1,,46,41,28,33,54,13,20,,112,199,2,1,19,,2
"McGrath, Andrew",ES,14,149,22,161,310,,1,,67,28,35,69,48,14,12,7,128,177,,,17,6,3
"Kelly, Josh",GW,14,177,42,132,309,5,8,,58,27,54,55,26,16,8,8,125,183,1,5,12,3,8
"Amon, Karl",PA,19,199,58,107,306,5,8,,55,35,50,29,48,8,15,1,86,225,3,5,22,4,6
"Jones, Zak",SK,16,157,47,147,304,5,8,,57,19,46,62,58,14,15,7,145,160,,4,11,8,7
"Ridley, Jordan",ES,17,211,110,93,304,,2,,20,71,16,7,25,10,8,,66,205,18,,86,2,4
"Greenwood, Hugh",GC,17,173,27,130,303,3,4,3,117,27,35,93,52,16,18,11,211,97,4,1,27,,6
"Tuohy, Zach",GE,18,228,72,74,302,8,7,,16,52,50,18,40,6,7,,76,200,3,5,19,1,3
"Salem, Christian",ME,16,200,64,101,301,2,,,41,59,32,9,40,4,11,,70,204,5,1,20,4,3
"Fyfe, Nat",FR,14,130,43,170,300,10,6,,42,16,32,64,45,19,18,10,175,127,16,11,34,,7
"Lambert, Kane",RI,19,131,57,168,299,9,3,,64,10,47,34,44,11,14,6,116,186,,5,26,,11
"Williams, Bailey",WB,18,202,82,96,298,3,2,,24,89,41,8,34,12,9,1,76,197,7,1,41,7,3
"Docherty, Sam",CA,16,216,83,82,298,,1,,19,83,30,8,37,15,6,1,83,183,2,,28,5,1
"Cerra, Adam",FR,17,143,51,152,295,2,3,,64,19,35,35,36,17,17,3,122,180,3,1,25,1,5
"Perryman, Harry",GW,16,170,61,124,294,11,2,,32,37,43,19,38,10,8,4,107,193,6,5,27,,2
"Ellis, Brandon",GC,16,194,68,99,293,5,3,,42,29,44,21,47,13,13,,82,196,3,1,16,9,2
"Hill, Bradley",SK,19,201,63,92,293,2,3,,27,35,48,14,49,5,12,2,45,232,,4,12,21,4
"Houston, Dan",PA,17,211,71,82,293,1,3,,49,56,44,22,38,17,7,,101,167,8,2,33,,3
"Cotchin, Trent",RI,16,163,37,129,292,1,3,,51,35,61,66,70,12,17,5,162,136,1,1,24,1,6
"Smith, Devon",ES,16,158,40,133,291,7,7,,61,24,40,25,44,15,12,,101,170,1,1,12,2,3
"Mundy, David",FR,16,131,33,159,290,4,1,,59,19,40,72,29,7,9,3,141,160,,3,18,1,3
"Bowes, Jack",GC,17,195,69,95,290,1,,,30,61,25,16,45,5,10,,97,163,6,2,31,1,3
"Langford, Kyle",ES,16,146,65,142,288,11,9,,30,11,35,26,41,9,8,,105,181,8,15,11,6,5
"Weller, Lachie",GC,17,161,39,126,287,12,3,,48,36,52,52,44,13,9,1,108,168,1,1,13,16,2
"Ross, Sebastian",SK,16,146,29,141,287,2,2,,45,23,37,49,42,7,17,1,108,176,,,15,3,5
"Worpel, James",HW,15,167,39,120,287,2,7,,81,9,41,47,48,11,18,,125,154,,4,16,,3
"Zorko, Dayne",BL,17,222,65,64,286,9,15,,75,37,60,55,48,20,20,,106,166,1,9,26,3,7
"Shiels, Liam",HW,16,162,46,124,286,6,,,55,22,41,43,53,10,18,1,102,178,2,5,17,1,2
"Sheppard, Brad",WC,18,194,112,92,286,2,,,34,62,12,5,23,14,7,,63,212,1,,74,2,2
"Bolton, Shai",RI,18,170,55,115,285,15,10,,47,15,78,59,61,11,22,9,121,174,,8,16,17,10
"Baker, Liam",RI,19,156,70,127,283,1,1,,37,51,23,9,35,18,11,3,107,177,1,,35,3,1
"Anderson, Noah",GC,17,159,48,122,281,4,4,,32,17,51,38,42,10,10,,121,159,2,5,20,3,4
"Hartlett, Hamish",PA,19,174,69,107,281,2,1,,53,45,37,18,37,16,11,1,87,183,1,,35,,3
"Duggan, Liam",WC,17,211,98,70,281,,2,,31,48,33,14,30,8,8,,69,212,1,,45,3,2
"Powell-Pepper, Sam",PA,19,123,36,157,280,7,12,,77,7,60,53,59,9,23,3,131,158,3,7,21,6,6
"Florent, Oliver",SY,17,180,40,98,278,4,4,,43,19,72,47,45,7,13,2,109,172,2,3,19,8,4
"Lukosius, Jack",GC,17,219,62,59,278,3,3,,27,84,36,7,50,8,13,3,70,149,9,1,31,4,2
"Noble, John",CW,17,161,56,116,277,2,,,29,41,21,6,39,14,10,1,61,213,,,15,4,1
"Smith, Brodie",AD,16,203,58,72,275,5,6,,38,60,48,16,40,7,10,1,68,177,2,2,22,3,3
"Coffield, Nick",SK,18,181,117,93,274,,,,18,53,16,8,29,7,8,,74,201,8,,36,1,
"Grundy, Brodie",CW,19,105,57,168,273,3,3,593,68,14,37,61,48,43,28,6,169,110,20,5,41,2,6
"Parfitt, Brandan",GE,17,143,30,129,272,8,6,,100,14,43,50,55,13,21,2,128,150,2,5,15,,4
"Vlastuin, Nick",RI,19,179,95,93,272,1,,,40,76,18,1,43,14,19,1,95,155,15,,59,11,3
"May, Steven",ME,17,210,76,62,272,1,,,14,90,11,,23,9,4,4,61,123,12,1,113,1,1
"Haynes, Nick",GW,17,208,121,64,272,,,,23,71,18,8,35,13,7,4,77,199,15,2,82,6,2
"Miers, Gryan",GE,20,178,88,93,271,18,5,,31,13,46,14,39,10,8,3,70,205,1,10,11,1,6
"Berry, Jarrod",BL,17,155,70,116,271,7,10,,64,17,43,38,39,20,21,8,119,158,2,8,33,1,9
"Hurn, Shannon",WC,17,205,87,66,271,,,,26,78,13,2,21,7,7,,62,138,8,,45,5,1
"Mills, Callum",SY,15,164,77,107,271,,1,,49,46,21,17,38,18,15,2,93,163,4,,55,2,
"Swallow, David",GC,15,154,54,116,270,4,10,,59,21,45,66,52,8,21,2,135,137,4,6,13,,2
"Treloar, Adam",CW,10,122,19,147,269,1,4,,30,16,40,52,38,8,8,4,129,138,,1,7,1,3
"Atley, Shaun",NM,17,132,57,136,268,1,,,25,38,29,12,28,9,9,,78,192,,1,22,11,6
"Johannisen, Jason",WB,17,165,66,102,267,6,5,,29,37,35,6,27,7,3,,61,199,2,5,30,6,9
"Marshall, Rowan",SK,19,192,83,74,266,13,11,277,41,10,58,51,54,30,24,8,159,109,30,16,31,,6
"Keays, Ben",AD,16,147,47,118,265,3,5,,53,25,40,47,35,9,14,1,109,155,1,1,14,,3
"Aish, James",FR,16,162,63,103,265,,2,,25,25,39,15,26,14,4,,66,191,1,3,13,1,7
"Crouch, Brad",AD,12,136,20,128,264,2,1,,45,15,36,59,49,15,14,1,123,135,,1,5,,2
"Simpson, Kade",CA,17,201,66,63,264,1,,,19,62,21,10,34,11,7,,70,154,2,,29,6,1
"Robinson, Mitch",BL,19,182,66,79,261,5,3,,44,36,54,32,45,16,16,1,97,162,4,6,25,1,9
"Dawson, Jordan",SY,16,183,60,77,260,6,7,,38,47,35,14,34,13,10,,73,167,14,4,45,1,10
"Rich, Daniel",BL,15,218,74,38,256,4,2,,19,72,39,6,22,9,5,2,54,156,4,,29,,1
"Bailey, Zac",BL,19,166,76,89,255,13,9,,47,23,55,14,41,11,19,1,92,168,2,6,17,,5
"Goldstein, Todd",NM,17,105,33,149,254,6,6,472,35,17,28,88,41,38,17,5,164,99,11,4,49,,6
"Hunter, Lachie",WB,10,137,54,116,253,4,8,,24,16,33,21,25,11,6,6,55,187,1,8,15,8,4
"Cunningham, Harry",SY,17,157,59,96,253,,1,,38,56,28,9,27,10,5,,70,166,2,,20,1,2
"Wingard, Chad",HW,17,145,49,106,251,18,11,,61,5,54,16,33,14,8,6,93,148,5,15,24,7,8
"OMeara, Jaeger",HW,12,140,35,110,250,4,4,,50,12,44,56,52,6,23,3,108,149,1,4,14,1,4
"Blicavs, Mark",GE,20,128,70,122,250,3,1,171,55,29,24,43,33,22,19,,142,119,18,1,86,,3
"Polec, Jared",NM,13,162,42,88,250,3,3,,34,26,38,33,38,12,8,1,92,160,2,3,7,4,6
"Tarrant, Robbie",NM,16,178,68,72,250,,,,21,91,15,2,33,14,15,,61,137,7,,81,,
"Hawkins, Tom",GE,20,169,111,80,249,48,34,41,37,2,26,21,42,7,17,11,130,121,32,72,21,2,23
"Butters, Zak",PA,17,129,55,119,248,11,6,,47,4,36,23,32,12,9,2,107,142,4,10,14,6,15
"Kennedy, Josh",SY,12,129,34,119,248,3,3,,62,15,31,56,38,12,8,4,108,127,2,3,7,1,2
"Walters, Michael",FR,14,145,44,102,247,15,7,,40,17,36,43,44,26,10,8,115,133,6,9,20,3,7
"Shuey, Luke",WC,13,144,33,102,246,1,1,,45,26,47,63,38,11,14,6,113,137,,,29,10,6
"Phillips, Tom",CW,15,141,46,104,245,5,7,,35,20,36,11,30,16,4,2,84,157,1,5,4,,2
"Setterfield, Will",CA,16,146,29,97,243,4,1,,83,18,45,51,28,18,8,,115,126,1,1,13,,7
"English, Tim",WB,18,129,77,113,242,8,11,287,39,14,31,40,37,18,18,4,122,129,23,13,50,1,2
"Wilkie, Callum",SK,19,178,61,62,240,,,,22,71,9,4,29,12,11,,76,120,12,,66,,
"Moore, Darcy",CW,18,146,87,92,238,,,,14,66,21,4,42,13,11,6,81,131,14,1,130,7,1
"Rowbottom, James",SY,16,132,22,105,237,4,4,,58,25,39,51,44,17,17,,128,117,2,1,15,,5
"Selwood, Joel",GE,14,124,34,113,237,4,4,,58,13,32,56,43,17,20,3,116,126,,1,28,,2
"Paton, Ben",SK,19,145,82,92,237,,,,20,50,18,3,28,15,9,,72,164,5,,24,7,
"Serong, Caleb",FR,14,127,32,109,236,2,1,,58,12,46,48,37,11,6,1,106,138,2,3,12,1,4
"Brayshaw, Angus",ME,14,116,40,117,233,5,6,,41,15,37,30,28,4,7,1,91,149,1,5,19,,2
"OBrien, Reilly",AD,17,107,64,125,232,,3,463,68,18,28,28,47,19,16,4,127,102,33,1,39,,3
"McIntosh, Kamdyn",RI,17,157,65,74,231,5,4,,28,24,56,12,41,9,11,,80,156,6,3,36,9,6
"Houli, Bachar",RI,12,127,47,104,231,,1,,27,44,26,9,26,6,6,1,48,166,2,1,16,7,2
"OConnor, Mark",GE,20,155,87,74,229,2,,,29,33,20,7,23,10,11,,67,159,,1,58,3,2
"Castagna, Jason",RI,20,134,69,93,227,16,11,,42,11,44,3,35,8,8,,64,162,3,25,13,1,6
"Ainsworth, Ben",GC,16,147,70,80,227,12,13,,27,11,59,10,34,15,9,2,80,152,5,13,10,4,6
"Elliott, Jamie",CW,18,141,51,86,227,10,10,,57,2,53,42,47,7,12,,91,131,6,14,22,9,6
"Graham, Jack",RI,15,103,31,120,223,2,2,,67,11,42,27,35,14,18,3,92,134,1,,11,1,7
"Newnes, Jack",CA,17,139,53,83,222,13,4,,44,22,39,7,34,7,11,1,69,144,,6,8,,6
"Lynch, Tom",AD,13,144,53,78,222,6,5,,13,17,29,13,31,7,6,,65,150,2,5,9,1,5
"Snelling, Will",ES,17,71,29,151,222,5,2,,79,12,24,29,41,14,12,,104,118,1,3,12,,6
"Gawn, Max",ME,14,142,63,80,222,1,1,458,35,25,32,48,35,32,9,13,127,90,26,3,60,,3
"Hurley, Michael",ES,14,154,86,66,220,,,,5,64,7,4,33,9,12,,47,147,8,,61,,1
"Hall, Aaron",NM,15,134,47,85,219,10,14,,37,9,49,21,32,6,8,1,77,145,5,10,5,4,8
"Dunkley, Josh",WB,12,85,28,134,219,6,5,12,71,9,27,33,24,10,9,4,114,112,4,4,16,,5
"Pickett, Marlion",RI,18,113,43,105,218,4,4,,64,15,42,19,54,6,13,,100,132,4,5,36,6,6
"Hughes, Ethan",FR,17,140,79,77,217,,,,20,34,15,4,26,11,9,,71,142,8,1,49,2,
"Petrevski-Seton, Sam",CA,16,155,49,62,217,,,,36,38,14,15,28,10,8,,94,121,1,,15,,2
"Hibberd, Michael",ME,14,135,62,79,214,1,,,14,41,22,4,29,13,6,,56,145,6,1,30,,1
"Sidebottom, Steele",CW,9,112,33,101,213,5,3,,38,13,27,24,23,8,4,6,71,135,1,1,22,,6
"Taranto, Tim",GW,11,132,30,80,212,4,3,,45,14,35,42,38,11,12,3,93,111,2,3,7,,3
"Lipinski, Patrick",WB,13,90,32,121,211,5,4,,30,14,24,15,26,6,7,,70,142,1,3,16,1,5
"Bews, Jed",GE,19,141,65,68,209,3,2,,33,33,25,17,20,11,9,1,75,132,3,2,30,,3
"Shaw, Heath",GW,17,162,78,47,209,3,1,1,38,51,15,6,39,7,16,,58,142,4,2,57,4,
"Crozier, Hayden",WB,15,154,59,55,209,2,2,,40,38,27,6,31,15,11,,51,161,3,2,51,3,3
"Butler, Dan",SK,19,156,37,51,207,29,12,,74,7,53,5,39,14,15,8,69,125,2,14,10,12,10
"Gibbons, Michael",CA,15,144,51,63,207,11,6,,42,7,49,23,38,10,14,4,68,142,1,12,16,4,10
"Ebert, Brad",PA,14,131,52,76,207,11,14,,55,7,44,13,40,16,9,1,86,123,6,10,25,1,8
"Ah Chee, Callum",BL,18,138,63,69,207,3,4,,52,32,35,10,46,9,14,,79,127,6,4,25,2,1
"Greene, Toby",GW,13,122,52,84,206,17,11,,19,6,33,15,36,8,11,12,87,115,12,18,11,,10
"Rozee, Connor",PA,16,106,40,100,206,9,9,,52,3,42,22,38,6,10,,83,129,1,8,28,1,5
"Hardwick, Blake",HW,16,139,45,67,206,1,,,21,59,18,6,22,2,7,,60,120,2,1,47,,2
"Jonas, Tom",PA,19,138,76,68,206,,1,,30,54,16,5,34,7,14,,86,119,10,,136,,
"Wilson, Nathan",FR,15,153,50,52,205,1,1,,14,64,22,6,20,9,3,,48,135,,,40,11,
"Mayne, Chris",CW,14,89,50,116,205,,2,,38,10,9,12,18,8,8,,64,134,3,2,27,1,1
"Redden, Jack",WC,13,98,44,106,204,1,1,,31,15,24,29,29,12,8,,76,133,1,1,14,,1
"Nelson, Jackson",WC,15,150,61,54,204,,,,31,39,14,10,16,7,6,,52,132,1,1,27,,2
"Martin, Jack",CA,15,115,64,88,203,12,11,,48,13,32,21,37,16,16,4,89,120,6,18,19,3,7
"Birchall, Grant",BL,16,150,69,53,203,,,,16,42,27,10,14,6,4,,38,148,2,,21,3,1
"Scrimshaw, Jack",HW,13,121,51,82,203,,,,23,40,19,5,30,7,7,,56,130,7,,28,1,1
"Dahlhaus, Luke",GE,15,82,43,120,202,7,,,34,7,27,10,20,5,4,,68,137,3,5,9,,5
"Papley, Tom",SY,17,148,57,52,200,26,27,,29,3,47,21,42,19,16,6,93,119,3,22,17,9,9
"Gardiner, Darcy",BL,18,139,71,60,199,,,,25,35,22,3,41,9,20,,83,115,11,,88,,2
"Conca, Reece",FR,14,140,48,59,199,,,,38,45,5,8,34,9,13,,51,144,2,1,29,3,3
"Duursma, Xavier",PA,15,114,52,83,197,7,3,,36,15,35,17,28,16,7,,81,121,3,6,12,2,3
"Powell, Wil",GC,15,102,50,95,197,2,,,25,41,18,6,30,7,6,,69,132,5,1,30,,4
"Howard, Dougal",SK,19,159,76,38,197,1,1,3,23,66,10,2,42,9,17,,56,114,8,,139,,1
"Brown, Luke",AD,17,141,46,56,197,,1,,35,67,15,7,24,13,9,,61,96,2,,37,1,2
"McKenzie, Trent",PA,17,169,75,28,197,,2,,18,62,15,2,29,14,10,,63,108,14,,61,,
"Sicily, James",HW,11,146,62,50,196,2,1,,9,59,20,3,26,12,7,,62,116,16,2,47,2,1
"Hoskin-Elliott, Will",CW,18,123,85,72,195,11,8,,17,4,32,7,23,7,7,,60,134,8,9,21,,8
"Ryan, Liam",WC,18,140,66,54,194,26,16,,32,3,38,7,30,13,7,1,91,100,18,30,23,3,10
"Gresham, Jade",SK,11,111,25,83,194,7,6,,21,5,36,51,37,10,13,5,101,83,2,5,10,9,5
"Daniels, Brent",GW,16,100,31,94,194,5,8,,42,3,43,19,29,7,11,2,79,111,,2,16,9,9
"Grimes, Dylan",RI,19,123,77,70,193,,1,,35,26,10,1,30,15,12,,66,112,14,,96,4,
"Naitanui, Nic",WC,17,109,13,83,192,5,4,496,40,8,61,96,41,21,19,5,160,41,8,,56,,7
"Harmes, James",ME,13,87,30,105,192,2,2,,27,13,23,17,37,8,15,,81,116,1,3,12,1,
"Yeo, Elliot",WC,10,107,22,85,192,,1,,56,4,33,61,48,5,25,8,109,80,3,,15,1,2
"Henry, Jack",GE,20,149,79,42,191,1,,,34,44,19,5,38,7,19,,71,126,7,2,93,2,2
"Rioli, Daniel",RI,17,101,46,89,190,12,3,,53,4,37,11,33,13,7,,67,130,,7,13,5,3
"Scully, Tom",HW,14,104,34,86,190,4,2,,16,11,34,8,39,4,10,,55,140,1,5,13,,11
"Sloane, Rory",AD,12,92,15,97,189,5,3,,49,10,35,42,27,16,11,3,100,85,1,1,24,2,5
"Weitering, Jacob",CA,17,146,74,42,188,,1,,17,63,18,5,36,13,13,1,87,97,15,,128,1,1
"Hipwood, Eric",BL,19,147,79,40,187,24,19,,17,,40,1,41,13,17,1,80,105,21,31,34,2,8
"Williams, Zac",GW,11,136,38,50,186,2,2,,25,27,17,13,23,7,7,1,55,122,3,1,16,5,1
"Membrey, Tim",SK,18,129,83,55,184,20,9,3,27,1,40,,30,11,9,,73,107,19,24,27,1,6
"Long, Ben",SK,15,90,49,94,184,,1,,30,24,16,11,41,12,20,2,97,105,8,,46,7,
"Richards, Ed",WB,17,93,24,90,183,6,7,,34,9,42,10,30,12,10,,81,103,1,3,25,16,7
"Walker, Josh",NM,17,107,65,75,182,3,3,2,19,21,11,1,30,11,10,,82,95,27,8,52,1,2
"Gunston, Jack",HW,16,133,68,48,181,31,21,,22,9,31,3,25,10,9,5,74,102,12,31,18,,9
"Barrass, Tom",WC,18,144,94,37,181,,,,4,47,10,1,18,12,8,3,64,121,20,,166,1,3
"Corr, Aidan",GW,15,143,59,37,180,,1,,22,68,10,2,26,4,6,,41,89,7,,74,2,
"Keath, Alex",WB,18,113,70,66,179,1,1,,15,36,8,3,23,12,8,,68,116,13,1,81,2,
"Taylor, Harry",GE,18,112,61,67,179,1,,1,25,20,13,2,23,12,9,,71,113,7,1,89,,2
"Brown, Callum",CW,14,69,24,109,178,6,2,,29,5,21,8,25,11,7,,80,105,1,5,8,,6
"Lever, Jake",ME,17,121,75,57,178,,,,25,42,12,1,24,11,9,,79,102,11,,109,,
"Cameron, Charlie",BL,19,139,64,38,177,31,22,,42,2,39,6,35,20,17,1,71,106,10,28,14,9,5
"Lester, Ryan",BL,15,107,62,70,177,,1,,35,28,8,4,25,7,10,,63,105,11,,52,,
"Cameron, Jeremy",GW,17,121,67,55,176,24,13,2,24,4,37,5,41,15,25,3,85,96,19,21,32,1,9
"Fritsch, Bayley",ME,16,128,81,48,176,22,24,,17,4,31,,35,10,10,1,58,120,14,37,18,,12
"Henderson, Lachie",GE,13,132,89,44,176,1,,,16,36,13,3,26,3,10,,43,123,11,1,46,,
"Clurey, Tom",PA,18,135,78,40,175,,,,18,40,16,1,27,13,13,1,61,110,11,,92,2,
"Collins, Sam",GC,17,107,74,68,175,,,,27,45,9,3,19,18,6,,84,87,18,,107,,1
"Bewley, Brett",FR,12,100,40,74,174,5,,,21,14,25,12,11,6,1,,53,120,,,6,3,3
"Lobb, Rory",FR,17,116,63,57,173,10,6,156,24,12,40,15,33,15,6,3,104,81,37,16,35,,5
"Smith, Isaac",HW,10,100,35,73,173,5,2,,21,19,32,10,30,2,7,3,45,125,1,3,10,2,
"Balta, Noah",RI,16,123,63,49,172,1,1,1,14,52,12,,37,10,15,1,66,102,16,1,81,1,1
"Day, Will",HW,11,100,48,72,172,1,1,,15,28,18,5,19,10,3,,45,115,4,2,26,,
"Witts, Jarrod",GC,17,98,37,73,171,,3,477,28,9,32,53,42,18,21,2,103,70,9,4,53,,3
"Andrews, Harris",BL,16,113,71,58,171,,,,17,41,8,2,17,14,8,4,79,93,17,,150,,1
"Duman, Taylin",FR,15,113,46,58,171,,,,29,37,16,8,27,10,8,,70,100,2,,56,2,1
"Sinclair, Jack",SK,12,98,30,73,171,,1,,30,16,36,27,15,6,3,,72,99,1,3,13,5,9
"Dixon, Charlie",PA,18,110,69,60,170,34,21,46,30,2,19,11,45,18,14,9,125,54,46,34,36,,6
"Darling, Jack",WC,18,112,64,57,169,30,12,8,35,1,30,3,34,20,9,,111,66,35,25,40,,15
"Schultz, Lachie",FR,17,109,61,60,169,12,7,,43,5,28,5,44,15,13,,64,108,4,17,8,,5
"Kolodjashnij, Jake",GE,16,119,73,50,169,,3,,23,21,18,2,27,2,11,,40,130,6,1,65,,3
"Starcevich, Brandon",BL,18,125,57,43,168,1,2,,29,33,25,8,28,10,9,,68,101,9,1,25,,3
"Rayner, Cam",BL,17,85,51,82,167,17,7,,54,5,36,21,23,12,11,2,69,101,6,15,20,2,9
"Cripps, Jamie",WC,14,94,36,73,167,9,7,,45,2,38,13,31,9,9,,73,103,2,8,11,3,11
"Ablett, Gary",GE,11,93,23,74,167,9,8,,26,8,41,16,29,5,10,1,76,93,1,7,5,,12
"Broad, Nathan",RI,15,121,63,46,167,,,1,26,42,16,3,14,6,6,,42,124,4,,42,7,
"Taberner, Matthew",FR,16,129,92,37,166,29,13,8,8,4,29,3,37,10,12,3,83,89,38,36,22,,5
"Wallis, Mitch",WB,18,83,42,83,166,25,14,,32,1,21,4,17,20,7,2,90,81,12,25,11,,11
"McInerney, Oscar",BL,19,91,33,75,166,6,4,363,57,21,31,54,33,19,13,,117,56,17,10,50,,3
"Geary, Jarryn",SK,16,83,48,83,166,5,1,,28,17,13,14,24,6,11,,67,103,7,6,35,1,4
"McCarthy, Lincoln",BL,17,89,40,76,165,15,15,,53,6,31,21,31,14,11,,92,76,9,16,11,1,6
"McLean, Toby",WB,12,57,16,108,165,6,4,,45,4,26,18,19,13,10,,63,101,2,4,5,,5
"Lycett, Scott",PA,15,76,19,89,165,2,3,352,39,13,28,51,32,25,12,,103,67,2,3,52,3,2
"Clarke, Ryan",SY,10,86,25,79,165,2,1,,25,15,29,18,22,10,5,1,65,99,,1,10,1,
"Riewoldt, Jack",RI,20,128,72,36,164,31,18,2,24,2,37,5,46,12,15,2,80,81,26,42,27,,9
"Lynch, Tom",RI,18,114,64,50,164,31,26,2,20,,26,5,43,17,24,,87,81,29,40,21,,7
"Frost, Sam",HW,16,96,55,68,164,,2,,20,45,11,,35,9,16,,69,94,13,,60,3,
"Plowman, Lachie",CA,16,116,54,47,163,,2,,30,37,13,4,25,11,9,,56,102,7,,60,,
"Blakey, Nick",SY,16,126,36,36,162,8,13,,36,9,42,24,29,15,8,,70,90,5,9,14,7,5
"Prestia, Dion",RI,8,78,12,84,162,2,,,30,10,27,28,31,7,9,3,63,99,,,10,,3
"Tomlinson, Adam",ME,13,106,56,56,162,,1,1,22,25,22,6,20,2,6,,40,126,3,1,26,,1
"Hayward, Will",SY,16,87,54,74,161,10,3,,37,4,17,7,29,11,12,,73,85,15,10,24,,3
"Harbrow, Jarrod",GC,13,118,40,43,161,,,,13,28,14,3,31,6,12,,37,118,2,,22,2,1
"Rampe, Dane",SY,11,105,42,56,161,,,,15,60,5,3,26,9,15,1,51,99,5,,65,3,
"Melksham, Jake",ME,17,110,49,50,160,15,8,,23,3,37,11,42,11,13,,65,103,3,14,22,,10
"Rohan, Gary",GE,18,120,60,39,159,22,17,,34,1,38,1,31,14,9,3,87,77,14,21,27,4,10
"Redman, Mason",ES,13,94,41,65,159,1,1,,22,31,10,2,27,6,11,,47,104,7,1,19,5,
"Mihocek, Brody",CW,18,110,68,48,158,25,9,,33,,39,2,38,12,17,5,85,77,18,25,24,,3
"Williamson, Tom",CA,15,103,48,55,158,1,1,,28,28,15,10,32,11,9,,56,103,2,,22,3,4
"Ballard, Charlie",GC,16,114,68,44,158,,,,13,42,8,5,35,7,9,,58,94,20,,78,,
"Cole, Tom",WC,15,95,48,62,157,3,,,30,25,13,7,16,14,7,,60,105,5,2,25,3,
"Roughead, Jordan",CW,17,90,64,67,157,,,,18,29,5,2,19,10,4,,48,115,7,,78,1,1
"McGovern, Jeremy",WC,12,114,72,43,157,,,,14,32,7,1,18,9,9,2,68,94,20,,66,,
"Hill, Stephen",FR,12,96,40,61,157,,,,21,30,17,4,23,7,6,,49,111,4,1,22,1,
"Zurhaar, Cameron",NM,16,102,46,54,156,18,11,1,38,,34,9,39,18,17,,82,81,15,14,11,7,4
"Davies-Uniacke, Luke",NM,9,73,19,83,156,2,,,21,16,29,22,30,6,12,2,73,87,,,7,7,3
"Morrison, Harry",HW,11,92,38,64,156,,1,,19,20,21,13,21,5,8,,50,109,,1,16,,2
"Ah Chee, Brendon",WC,16,77,36,78,155,6,5,,26,9,18,11,30,9,6,,85,83,9,6,20,1,7
"Pittard, Jasper",NM,11,105,33,50,155,4,,,17,35,20,,29,13,4,,40,97,,1,36,3,3
"Mackay, David",AD,10,73,25,82,155,2,2,,16,22,20,5,19,3,7,,45,101,2,3,18,4,
"Madgen, Jack",CW,13,85,46,70,155,,,,22,29,7,4,14,9,2,,48,110,2,,42,3,
"Himmelberg, Harry",GW,16,96,43,57,153,15,4,14,27,9,30,8,33,14,15,1,79,75,11,12,37,1,8
"de Boer, Matt",GW,13,58,20,95,153,2,,,46,9,15,23,32,21,20,1,80,81,,,9,,2
"Casboult, Levi",CA,17,112,80,40,152,16,8,86,31,6,22,13,47,9,22,2,81,72,30,25,19,,2
"Motlop, Steven",PA,14,84,33,65,149,13,2,,24,9,30,7,29,4,11,3,63,87,3,7,9,,10
"Thomas, Josh",CW,14,70,26,78,148,4,4,,28,,19,12,25,4,9,,69,86,,5,12,1,5
"Steven, Jack",GE,9,84,33,64,148,1,2,,35,7,21,24,16,12,6,,41,103,,1,5,2,1
"Cox, Brennan",FR,13,83,51,65,148,,,,11,27,10,,19,10,7,,62,94,14,,89,1,
"Quaynor, Isaac",CW,11,74,33,74,148,,,,25,25,17,4,7,5,1,,47,95,3,1,23,,1
"McDonald-Tipungwuti, Anthony",ES,17,86,35,61,147,19,7,,57,2,28,12,27,8,16,2,79,72,5,13,21,12,5
"Day, Sam",GC,17,68,47,79,147,12,7,54,21,,26,4,36,9,16,2,68,76,14,15,35,,10
"Carlisle, Jake",SK,13,107,73,39,146,,,9,17,31,6,1,13,8,4,1,50,94,12,,56,,1
"Higgins, Jack",RI,10,89,36,56,145,5,7,,17,6,28,11,22,16,6,,60,90,1,10,7,,4
"Edwards, Shane",RI,9,63,10,82,145,5,,,24,3,25,39,16,8,5,1,70,79,1,,14,5,8
"Seedsman, Paul",AD,9,79,24,65,144,4,5,,28,17,22,12,20,7,5,,39,103,2,1,7,10,
"Fox, Robbie",SY,14,86,30,58,144,,,,37,42,11,5,16,10,9,,46,102,1,,73,1,1
"Battle, Josh",SK,14,108,52,34,142,12,9,6,26,21,19,7,24,10,8,,55,87,8,13,17,2,3
"Kent, Dean",SK,15,96,48,46,142,10,5,,29,4,38,5,30,9,6,,55,88,3,8,11,4,6
"Zaharakis, David",ES,10,63,24,79,142,9,4,,20,3,17,6,17,1,3,4,40,100,,3,5,3,2
"Vandenberg, Aaron",ME,12,73,34,69,142,1,1,,31,16,25,25,33,8,14,,57,93,2,3,17,,4
"Breust, Luke",HW,13,77,24,64,141,16,6,,51,4,28,23,27,14,13,,79,73,5,11,17,4,11
"McEvoy, Ben",HW,16,69,51,72,141,4,1,161,31,7,9,13,19,10,8,,81,69,20,3,81,,3
"Hannebery, Dan",SK,8,67,19,74,141,1,2,,13,8,25,22,19,2,5,,46,94,,1,5,,1
"Gleeson, Martin",ES,13,75,40,65,140,,,,17,30,10,2,22,2,8,,42,94,3,,36,6,1
"Burgoyne, Shaun",HW,13,77,26,62,139,11,2,,32,13,31,8,27,3,13,2,63,72,2,7,27,1,9
"Guelfi, Matt",ES,11,72,37,67,139,,,,18,20,12,7,22,5,8,,50,86,7,1,27,,2
"Rankine, Izak",GC,12,90,26,48,138,12,17,,21,2,33,12,32,12,15,1,74,63,4,8,11,5,6
"Scott, Bailey",NM,13,81,39,57,138,8,1,,29,9,17,15,26,6,9,,62,80,4,8,3,6,3
"Cuningham, David",CA,12,72,32,66,138,6,6,,33,3,31,9,23,5,6,3,56,80,4,4,6,11,4
"Macpherson, Darcy",GC,12,80,26,58,138,4,,,33,2,28,11,23,11,8,,54,85,,1,8,,3
"Budarick, Connor",GC,15,92,35,46,138,1,,,25,30,14,3,30,9,9,,48,93,2,,23,,1
"King, Max",SK,18,84,57,53,137,22,20,17,22,1,18,1,25,10,12,,89,55,30,30,22,,5
"Ceglar, Jonathon",HW,13,55,29,82,137,1,,274,32,14,12,39,33,14,19,2,84,56,14,3,24,,3
"Bruce, Josh",WB,17,55,47,81,136,14,8,19,28,2,16,10,30,10,15,3,74,63,18,20,29,,2
"Ash, Lachie",GW,12,79,31,57,136,1,,,22,16,17,7,21,5,5,,53,92,1,,22,4,1
"Aarts, Jake",RI,14,71,31,64,135,14,5,,33,3,23,7,32,8,18,1,57,84,1,10,10,3,4
"de Goey, Jordan",CW,10,86,26,49,135,14,12,,12,5,28,17,19,6,4,5,65,71,4,10,10,2,4
"Aliir, Aliir",SY,14,78,45,57,135,3,1,66,22,24,15,19,30,4,14,,59,76,7,3,41,7,
"Jones, Liam",CA,17,111,72,24,135,,2,,24,28,17,,28,9,15,1,67,65,22,2,169,,
"Darcy, Sean",FR,15,42,25,92,134,5,6,330,26,3,12,30,44,7,29,,92,51,12,4,41,,4
"Acres, Blake",FR,7,75,40,59,134,,,,19,13,18,12,22,3,7,2,34,99,,1,4,1,1
"Betts, Eddie",CA,15,89,24,44,133,13,13,,41,1,32,7,33,8,8,3,69,59,3,9,7,,12
"Allen, Oscar",WC,15,86,44,46,132,18,8,66,41,7,15,15,19,18,8,5,74,66,16,12,38,,4
"Stephenson, Jaidyn",CW,14,85,47,47,132,14,10,,25,5,23,,19,4,9,,38,101,2,19,10,3,6
"Ladhams, Peter",PA,10,60,21,72,132,6,2,124,19,6,15,21,34,17,22,2,77,56,9,4,15,,1
"Sexton, Alex",GC,14,103,44,28,131,19,12,,22,2,27,4,19,7,8,1,48,83,2,14,13,1,7
"Lonie, Jack",SK,13,95,44,36,131,12,7,,28,4,23,5,20,10,5,,45,84,1,12,12,1,5
"Doedee, Tom",AD,9,75,47,54,129,,,,15,31,5,3,17,6,3,,44,74,11,1,32,2,
"Stanley, Rhys",GE,10,62,29,65,127,10,4,183,13,6,23,30,23,11,12,,69,54,9,9,28,,2
"McStay, Daniel",BL,17,80,54,45,125,11,6,7,27,3,23,3,22,9,8,,70,59,24,13,25,,5
"McInerney, Justin",SY,9,60,26,65,125,5,,,13,6,19,5,22,8,8,,47,82,3,2,14,,4
"Macmillan, Jamie",NM,10,67,27,58,125,1,,,23,28,10,7,16,15,6,,42,81,2,1,27,4,
"Kelly, Jake",AD,15,86,44,39,125,,,,38,29,10,1,26,10,11,,47,73,7,,55,,
"Wills, Rupert",CW,8,43,10,82,125,,,,38,6,11,21,22,8,9,,53,74,,,9,,2
"Talia, Daniel",AD,14,83,47,41,124,,,,15,35,10,4,17,10,9,,51,69,7,,83,,
"Wood, Easton",WB,13,79,50,45,124,,,,19,29,7,2,18,7,8,1,49,72,8,,48,4,
"Finlayson, Jeremy",GW,15,102,38,21,123,19,10,44,35,10,24,17,25,10,10,,45,72,9,16,20,1,4
"Lloyd, Daniel",GW,12,74,38,49,123,7,,,28,5,15,10,26,4,9,,48,78,2,6,12,,4
"Rivers, Trent",ME,9,75,28,48,123,2,2,,13,21,11,5,18,11,4,,43,73,5,,11,1,1
"McAdam, Shane",AD,13,79,47,43,122,12,12,,38,4,22,1,20,11,9,,60,62,14,16,9,1,4
"Westhoff, Justin",PA,12,77,45,45,122,10,7,42,26,3,15,9,25,8,8,2,52,75,11,12,46,,3
"Jones, Chayce",AD,15,64,22,58,122,6,1,,28,10,20,18,38,14,15,,68,64,2,3,10,,2
"Frawley, James",HW,14,77,41,45,122,,,,10,26,6,,22,6,14,,45,77,2,,75,,1
"Bonner, Riley",PA,9,97,33,25,122,,,,7,25,13,6,25,1,8,,27,90,2,,20,,
"King, Ben",GC,17,88,48,33,121,25,20,,7,1,15,1,25,12,10,1,67,53,15,30,23,2,1
"Holman, Nick",GC,12,48,27,73,121,2,,,41,7,17,10,19,6,11,,58,65,,3,13,,3
"Stratton, Ben",HW,14,66,41,55,121,1,,,17,16,6,,34,7,13,,42,80,7,1,48,,
"Kennedy, Josh",WC,17,96,69,23,119,34,22,,16,,14,1,24,13,15,6,54,68,19,44,22,,1
"McCartin, Tom",SY,14,70,51,49,119,9,2,3,12,11,16,2,25,9,13,,64,53,24,9,33,,3
"Sinclair, Callum",SY,13,64,32,55,119,3,3,293,33,15,16,30,38,15,24,,69,50,8,4,29,,1
"Nankervis, Toby",RI,10,57,26,61,118,3,1,161,39,10,17,24,33,13,15,,69,41,10,1,25,,
"Cordy, Zaine",WB,14,86,40,32,118,,,5,20,31,10,2,15,8,5,,37,81,2,1,71,1,1
"Vandermeer, Laitham",WB,12,72,31,45,117,9,9,,26,4,32,6,24,7,11,,29,94,3,14,7,,2
"Stengle, Tyson",AD,12,66,20,51,117,8,9,,25,2,20,9,23,6,11,,53,64,1,6,11,,9
"Atkins, Tom",GE,12,43,11,74,117,4,1,,38,6,9,16,22,5,6,,63,62,,2,9,,3
"Cousins, James",HW,6,60,20,57,117,1,3,,16,7,29,21,14,5,7,,38,81,1,,9,5,2
"OBrien, Tim",HW,16,82,47,34,116,12,3,34,28,4,28,6,20,13,12,,57,62,14,8,32,,5
"Keeffe, Lachlan",GW,13,66,47,50,116,,,,11,18,10,,20,4,6,,45,74,10,,114,1,1
"Witherden, Alex",BL,6,92,39,23,115,,,,7,24,13,3,11,6,2,2,25,78,,,7,,
"Caldwell, Jye",GW,9,56,27,58,114,1,2,,33,3,20,12,20,4,7,,52,66,2,4,5,,2
"McPherson, Andrew",AD,9,56,25,58,114,,,,15,17,8,2,13,6,2,,46,69,5,,16,,1
"Ryder, Paddy",SK,14,79,29,34,113,10,2,293,35,4,25,28,19,16,13,1,71,39,10,8,40,,4
"Simpson, Sam",GE,8,57,23,56,113,3,2,,27,5,7,14,17,7,8,,53,56,1,3,4,1,2
"Kennedy, Matthew",CA,7,63,26,50,113,2,1,,20,10,18,18,19,5,2,,52,58,5,1,3,1,3
"Tucker, Darcy",FR,8,68,21,44,112,4,2,,26,9,19,19,22,7,8,2,42,75,,3,2,,2
"Marshall, Todd",PA,14,84,41,27,111,11,9,3,35,5,28,1,22,10,5,,52,59,8,15,30,,6
"Murphy, Lachlan",AD,12,57,17,54,111,7,8,,38,3,20,3,15,14,7,,49,64,1,5,13,,7
"Hartigan, Kyle",AD,12,68,37,43,111,,,,18,34,4,1,19,8,8,,44,63,5,,55,,
"Cutler, Tom",ES,8,66,25,44,110,2,5,,10,8,14,5,16,5,6,,35,71,,3,6,6,3
"Pickett, Kysaiah",ME,14,62,17,47,109,7,13,,35,1,22,7,33,5,18,,66,44,1,5,11,3,6
"Pittonet, Marc",CA,13,59,23,50,109,,3,292,25,5,18,40,26,15,15,,74,27,14,2,32,,
"Soldo, Ivan",RI,14,52,23,56,108,2,3,292,38,8,6,28,33,17,21,,69,36,5,3,41,,2
"Fisher, Zac",CA,8,57,13,50,107,6,2,,20,,24,8,8,3,1,1,46,59,,1,7,7,3
"Thurlow, Jackson",SY,8,65,27,42,107,3,2,,17,20,10,7,10,4,2,,33,74,2,1,22,,1
"Rotham, Josh",WC,10,90,52,17,107,,,,13,29,10,1,12,5,4,,15,92,2,,45,,
"Himmelberg, Elliott",AD,11,58,33,48,106,9,10,36,20,4,12,9,12,11,3,,63,47,17,13,22,1,1
"Brown, Tyler",CW,9,45,14,61,106,2,,,13,6,11,13,11,1,3,,43,67,1,1,14,,3
"Walker, Taylor",AD,14,74,36,31,105,15,9,5,14,,26,5,22,10,8,,58,51,13,10,31,,6
"Sholl, Lachlan",AD,8,72,24,33,105,2,1,,7,15,13,10,11,5,2,3,29,79,,1,9,,1
"Henderson, Ricky",HW,7,55,37,50,105,,,,11,11,11,9,10,3,1,,26,76,,1,11,1,
"Ratugolea, Esava",GE,12,60,32,44,104,5,5,73,30,1,17,13,25,14,8,,72,36,17,11,18,,2
"Ward, Callan",GW,7,56,16,48,104,3,1,1,11,10,14,15,7,7,4,,37,68,1,,7,1,2
"Jones, Nathan",ME,8,50,23,54,104,1,3,,13,8,16,3,14,4,1,,37,67,,3,,1,3
"Astbury, David",RI,8,68,38,36,104,,,3,16,20,7,4,21,7,6,,42,59,7,,31,,1
"Waterman, Jake",WC,10,78,51,25,103,9,2,,8,7,13,2,15,6,3,,28,72,5,6,5,,3
"Farrell, Kane",PA,11,56,21,46,102,6,9,,30,5,20,5,11,2,2,1,33,66,3,3,14,5,1
"McKay, Ben",NM,11,43,36,59,102,,,2,18,11,7,1,15,7,6,,35,64,5,,74,,
"Burton, Ryan",PA,8,74,30,27,101,,1,,8,19,8,4,14,,2,,27,67,3,,16,2,1
"Weideman, Sam",ME,13,59,41,41,100,19,8,,6,,17,,16,7,8,,47,52,17,25,18,,5
"Stephens, Dylan",SY,8,68,27,32,100,2,3,,26,7,13,4,22,6,6,,37,72,,3,10,3,1
"Caddy, Josh",RI,8,56,32,44,100,2,2,1,14,7,21,7,13,,5,,29,67,6,5,2,,3
"Ham, Brayden",ES,10,67,28,32,99,1,1,,13,9,33,3,10,1,2,,24,74,1,2,4,2,2
"Hind, Nick",SK,10,56,17,42,98,6,5,,28,5,20,11,15,6,11,2,50,49,1,4,16,8,4
"Ellis-Yolmen, Cam",BL,9,50,18,48,98,3,2,,21,10,14,25,14,5,6,,55,42,2,3,8,,
"Williams, Marley",NM,8,69,22,29,98,,1,,13,25,10,3,15,4,6,,35,63,3,,13,,1
"McKay, Harry",CA,13,76,57,21,97,21,15,,20,1,15,,35,14,17,2,55,44,22,32,17,2,1
"Varcoe, Travis",CW,9,54,21,42,96,1,2,,15,12,14,3,14,,2,,20,76,1,,12,,3
"Answerth, Noah",BL,9,71,25,24,95,,,,17,19,8,3,17,3,3,,38,57,2,,19,,1
"Schoenberg, Harry",AD,8,40,11,54,94,3,,,15,4,15,13,13,3,4,,47,52,,1,4,,1
"Hanley, Pearce",GC,8,67,30,26,93,,1,,12,18,16,4,21,4,8,,30,62,3,1,6,5,1
"Ross, Jack",RI,7,48,14,45,93,,,,20,6,15,11,14,5,2,,36,62,,,9,,4
"Taylor, Curtis",NM,9,51,32,41,92,5,2,,14,3,15,5,13,7,4,,41,54,7,7,4,,3
"Stack, Sydney",RI,9,30,15,62,92,2,2,,26,4,11,6,28,5,15,,42,59,,4,7,,1
"Green, Tom",GW,6,31,15,60,91,1,3,,14,4,5,18,16,2,3,,53,39,1,2,2,,2
"Hooker, Cale",ES,8,43,37,46,89,3,3,,6,16,,,14,4,5,,37,44,5,4,39,1,
"Melican, Lewis",SY,9,52,21,37,89,,,,14,24,3,3,17,6,6,,37,47,8,,48,,
"Brander, Jarrod",WC,8,67,36,22,89,,1,,12,13,16,3,15,3,2,,23,68,5,2,12,,3
"McGovern, Mitch",CA,12,70,39,18,88,9,2,3,22,3,24,1,24,9,7,,39,56,7,10,16,,8
"Lockhart, Jay",ME,10,55,28,33,88,,2,,19,18,6,1,12,2,5,,36,52,2,,22,,
"Rowell, Matt",GC,5,38,4,49,87,6,,,26,11,11,20,17,8,6,9,52,37,,,3,1,1
"Heeney, Isaac",SY,6,53,29,33,86,7,7,,15,4,13,5,11,6,1,5,48,38,7,7,5,,2
"Jetta, Lewis",WC,6,62,22,24,86,1,2,,16,19,10,5,14,1,4,,17,58,,,5,3,
"Howe, Jeremy",CW,4,66,26,20,86,,,,8,25,4,2,13,3,3,,25,52,6,,18,1,1
"Naughton, Aaron",WB,12,46,42,38,84,15,6,,9,1,7,,12,4,6,3,52,35,20,19,16,,6
"Crowden, Mitch",FR,10,50,15,34,84,6,1,,47,2,17,6,20,4,10,,37,51,1,3,9,,4
"Reid, Sam",SY,10,43,38,41,84,5,6,26,15,,13,2,13,3,2,,45,41,14,13,12,,5
"Mahony, Jack",NM,10,28,12,56,84,3,2,,26,2,7,1,9,9,5,,44,45,1,4,4,,2
"Davis, Phil",GW,10,42,37,42,84,,,,12,13,3,,15,9,6,,31,54,7,2,51,,1
"Dale, Bailey",WB,9,48,20,35,83,7,3,,13,2,15,4,17,6,5,,34,48,5,8,11,1,5
"Hewett, George",SY,6,29,11,54,83,1,,,19,7,11,17,6,2,3,,50,34,3,1,4,,2
"Mayes, Sam",PA,6,50,20,32,82,1,2,,17,13,15,4,9,5,3,,22,54,2,,10,,1
"Zerk-Thatcher, Brandon",ES,10,46,30,36,82,,2,,8,11,1,,10,5,5,,25,55,2,1,37,1,
"Hately, Jackson",GW,6,47,28,35,82,,,,14,9,11,2,12,2,2,,18,64,1,,4,,2
"Clarke, Dylan",ES,8,31,17,50,81,4,,,19,6,8,8,9,7,5,,40,46,1,2,11,,
"Fogarty, Lachie",GE,6,52,17,29,81,1,1,,19,2,16,9,10,10,3,,32,51,,1,1,,4
"Frederick, Michael",FR,10,41,18,39,80,4,6,,8,,14,2,19,4,5,,24,52,1,4,5,,
"Colyer, Travis",FR,9,54,16,26,80,3,2,,9,3,15,5,13,,3,,33,48,,5,4,3,5
"Mumford, Shane",GW,10,14,11,66,80,1,,206,35,4,10,32,36,14,28,,59,26,3,2,42,,1
"McKenna, Conor",ES,6,55,18,25,80,1,,,10,10,17,3,23,2,2,,18,55,,1,12,11,4
"Hayden, Kyron",NM,8,38,22,41,79,,,,12,11,6,5,17,3,7,,34,51,1,,8,1,
"Francis, Aaron",ES,8,44,27,35,79,,,,14,18,6,1,17,5,4,,24,52,2,,43,2,
"Taylor, Lewis",SY,9,51,22,27,78,6,5,,20,5,18,4,12,4,1,,27,53,,4,3,1,
"Lloyd, Sam",WB,9,47,26,30,77,7,5,,20,2,16,5,12,8,4,,28,51,3,7,3,,3
"McDonald, Tom",ME,9,50,29,27,77,7,1,16,15,2,8,1,13,8,6,,31,48,6,7,19,,2
"Ainsworth, Brayden",WC,9,44,26,33,77,3,1,,12,4,5,3,15,2,8,,30,53,1,3,15,,1
"Eggmolesse-Smith, Derek",RI,6,53,15,24,77,,,,13,15,9,,17,3,8,2,17,53,1,,4,1,
"Cameron, Darcy",CW,10,46,36,30,76,4,2,57,14,1,11,5,18,9,7,,51,28,18,6,13,,
"Gardner, Ryan",WB,10,41,27,35,76,,,,13,9,4,1,17,,10,,21,53,1,,74,,
"ORiordan, Colin",SY,8,39,20,37,76,,,,13,9,3,3,12,3,5,,26,49,,,25,,
"Stewart, James",ES,10,50,33,25,75,11,4,10,10,6,10,3,14,6,8,,34,41,13,14,11,,2
"Townsend, Jacob",ES,12,53,22,22,75,9,5,,32,2,12,1,28,12,18,,43,30,11,13,13,,3
"Hanrahan, Oliver",HW,7,44,10,31,75,3,4,,7,4,12,3,21,5,4,,29,46,,3,5,2,3
"Gray, Sam",SY,7,38,15,37,75,1,2,,15,4,7,4,10,4,1,,30,45,1,2,4,,
"Blakely, Connor",FR,5,26,12,49,75,,,,12,5,5,11,14,5,3,,35,42,2,1,6,,
"Fogarty, Darcy",AD,10,41,19,33,74,8,1,2,22,2,13,3,21,11,10,,49,23,7,5,13,1,3
"McHenry, Ned",AD,8,31,17,43,74,,4,,23,3,9,6,24,10,12,,33,46,,2,2,,
"Stringer, Jake",ES,10,57,18,16,73,15,7,,19,1,17,6,20,7,8,2,37,37,2,12,9,,1
"Hannan, Mitch",ME,9,41,21,31,72,7,3,,15,,23,2,14,8,6,,40,34,6,2,9,,4
"McKernan, Shaun",ES,9,48,31,24,72,5,6,41,11,4,11,8,34,4,18,,42,34,8,12,13,2,6
"Vickers-Willis, Ed",NM,6,40,18,32,72,,,,12,11,6,2,12,4,4,,25,47,3,,21,,
"Hogan, Jesse",FR,7,41,37,30,71,5,4,,4,,11,,13,3,2,,30,45,7,8,6,,2
"Wood, Mason",NM,8,38,22,32,70,3,2,,10,,17,2,15,4,4,,27,45,2,6,5,,1
"Close, Brad",GE,8,29,13,41,70,2,2,,24,1,6,,6,8,1,,28,41,,3,4,,6
"Smith, Roarke",WB,6,29,12,41,70,2,1,,8,2,8,5,8,2,2,,32,39,,1,11,,2
"Greenwood, Levi",CW,6,37,8,33,70,1,,,19,2,10,6,12,2,1,,29,45,,,8,2,
"Cox, Mason",CW,11,38,35,31,69,14,2,34,6,1,9,,13,12,5,,49,18,23,12,24,1,3
"Bell, James",SY,8,37,13,32,69,3,2,,28,1,9,7,16,7,8,,38,31,1,2,5,,
"Suckling, Matt",WB,7,47,26,22,69,3,,,2,1,17,,13,7,6,,19,52,1,4,3,,3
"McDonald, Oscar",ME,7,42,17,27,69,,,1,8,11,7,,15,1,5,,24,44,2,,37,,
"Hibberd, Mitchell",ES,5,31,7,38,69,,2,,23,4,5,10,14,3,6,,33,36,,1,3,,
"Hamill, Will",AD,8,33,15,35,68,,,,14,13,3,1,17,8,7,,23,49,,,8,,2
"Markov, Oleg",RI,6,47,16,21,68,,1,,6,10,10,,8,6,2,,27,42,,,13,6,1
"Kennedy, Adam",GW,6,36,11,32,68,,,,12,8,7,7,10,4,3,,28,45,,,7,2,3
"Chol, Mabior",RI,11,39,15,27,66,8,3,66,17,6,10,11,9,3,7,,43,28,4,8,21,,4
"Draper, Sam",ES,8,46,15,20,66,1,3,148,15,8,16,15,21,10,15,,37,28,5,2,18,,1
"Spargo, Charlie",ME,8,38,19,27,65,8,1,,12,1,11,,15,3,7,,26,42,1,5,5,,3
"Fiorini, Brayden",GC,5,45,18,20,65,2,,,9,14,7,2,5,2,,,15,45,,1,3,,1
"McAsey, Fischer",AD,10,35,21,29,64,,2,,12,8,11,1,13,4,2,,27,38,5,2,26,1,
"Neal-Bullen, Alex",ME,7,36,14,27,63,7,,,16,2,10,3,13,1,5,,26,37,1,3,7,,3
"Ziebell, Jack",NM,8,38,25,25,63,1,7,,16,2,12,4,14,3,6,,33,34,5,9,5,,2
"Ahern, Paul",NM,6,35,13,28,63,1,1,,7,4,5,5,14,3,1,,34,31,3,1,5,2,2
"Lienert, Jarrod",PA,5,46,10,17,63,,,,6,16,11,,6,3,,,15,41,,,18,1,
"Larkey, Nick",NM,10,41,23,21,62,14,4,,10,,14,,17,10,8,,32,34,11,10,16,,2
"Brown, Ben",NM,9,49,31,13,62,8,8,4,6,1,11,,12,6,3,,31,35,6,12,17,,1
"Corbett, Josh",GC,7,45,31,17,62,3,6,,7,1,13,,13,8,7,,30,36,8,7,3,,3
"Georgiades, Mitch",PA,7,39,20,19,58,8,6,,14,1,13,,14,11,5,1,30,28,8,9,4,,3
"Wicks, Sam",SY,7,31,15,27,58,3,1,,32,5,8,2,15,5,8,,28,32,,2,9,,2
"Martin, Stefan",BL,8,37,8,21,58,1,1,137,19,4,9,20,19,8,9,,41,15,4,2,9,,2
"Jacobs, Sam",GW,7,34,15,23,57,2,,172,19,7,10,20,10,4,3,,43,18,5,1,23,,1
"Brown, Mitch",ME,5,39,30,18,57,2,3,3,6,3,7,1,6,,2,2,14,42,4,7,5,,
"Narkle, Quinton",GE,5,27,9,30,57,,1,,18,4,12,9,12,4,4,,27,32,,1,4,,2
"Sparrow, Tom",ME,5,26,9,30,56,2,1,,13,4,5,9,8,3,5,,29,31,2,1,4,,1
"Crocker, Ben",AD,7,45,22,10,55,4,5,,17,3,16,4,12,7,1,,21,32,2,3,7,,
"Puopolo, Paul",HW,6,27,7,27,54,4,1,,15,,8,4,6,6,2,,30,22,1,2,3,,
"Bennell, Harley",ME,5,26,7,28,54,3,2,,5,2,11,3,6,1,2,,14,40,,1,4,2,3
"De Koning, Tom",CA,7,26,10,28,54,,2,87,16,4,12,14,18,3,9,,38,17,6,,11,,1
"Marsh, Jonathon",SK,6,28,10,25,53,2,5,2,14,1,10,5,8,4,2,,23,30,1,5,13,,2
"Cottrell, Matthew",CA,5,44,8,9,53,2,,,4,9,14,5,11,3,,,25,27,1,1,4,,
"Howe, Daniel",HW,5,36,16,17,53,2,,,5,4,8,3,4,3,1,,14,37,1,,14,,3
"Cunnington, Ben",NM,3,18,6,35,53,2,,1,12,3,3,12,8,3,2,3,33,20,2,2,2,,2
"Bonar, Aiden",NM,6,24,10,29,53,,,,11,3,5,3,8,4,3,,21,32,,,11,,1
"Riccardi, Jake",GW,5,37,30,15,52,9,6,1,2,1,6,,9,1,2,,15,38,4,14,2,,2
"Jackson, Luke",ME,6,19,9,33,52,3,2,29,8,,6,6,8,7,3,,28,26,5,2,7,,4
"Woodcock, Boyd",PA,5,28,12,24,52,3,3,,8,,10,1,6,2,2,,18,34,1,3,1,1,1
"Poholke, Myles",AD,5,29,15,23,52,2,1,,12,2,8,7,11,1,5,,23,31,1,3,4,2,2
"Sier, Brayden",CW,3,14,4,38,52,1,1,,10,,6,14,11,1,6,,22,32,,,1,,1
"Greaves, Damon",HW,3,35,17,17,52,,,,5,20,4,1,1,1,,,10,36,,,3,,2
"Langdon, Zac",GW,7,24,8,27,51,2,6,,23,1,6,3,16,7,7,,33,22,,3,7,,
"Phillips, Ed",SK,4,28,16,22,50,3,,,4,7,7,3,5,2,2,,15,37,,,4,,1
"Graham, Caleb",GC,7,36,25,14,50,,,,2,16,1,,13,2,7,,11,37,4,,55,,
"Young, Hayden",FR,5,33,16,17,50,,,,7,11,6,1,7,2,1,,13,37,3,,5,1,1
"ONeill, Xavier",WC,5,25,9,24,49,1,1,,9,2,8,1,8,1,1,,15,37,,1,5,,2
"Fantasia, Orazio",ES,5,27,15,22,49,1,,,6,6,5,1,5,2,2,,11,36,,3,7,3,3
"Logue, Griffin",FR,5,22,12,27,49,,,,5,8,4,,5,3,1,,29,21,6,,27,1,
"Lemmens, Sean",GC,6,29,7,19,48,4,,,9,1,13,2,12,2,2,,20,28,2,1,3,,3
"West, Rhylee",WB,4,23,12,25,48,1,,,7,,7,2,10,3,4,,18,34,2,1,4,,
"Jiath, Changkuoth",HW,5,27,13,21,48,,,,8,9,3,1,12,1,5,,19,32,1,,13,,
"Thomas, Tarryn",NM,6,24,8,23,47,3,2,,19,1,8,1,6,1,2,,20,27,1,1,6,,2
"Banfield, Bailey",FR,5,26,8,21,47,2,,,18,,9,3,11,8,3,,28,19,,1,4,,2
"Fort, Darcy",GE,5,31,9,16,47,1,,107,9,2,8,19,17,3,13,,27,14,4,1,23,,2
"Murphy, Tom",NM,5,28,16,19,47,1,2,,8,6,10,1,9,1,,,15,32,1,2,2,1,
"Duryea, Taylor",WB,3,35,13,12,47,,,,9,6,6,2,3,2,,,13,32,2,,8,,
"Laverde, Jayden",ES,6,30,20,16,46,6,3,,15,1,8,2,11,3,6,,15,32,4,8,5,,5
"Lewis, Mitch",HW,8,28,15,18,46,5,5,15,5,,7,1,9,3,5,,23,28,3,6,8,,2
"Impey, Jarman",HW,5,22,13,24,46,2,3,,9,1,2,2,10,1,5,,14,34,1,3,2,,2
"Gibbs, Bryce",AD,3,25,9,21,46,,1,,3,11,,1,8,1,4,,11,27,,1,2,1,
"Hill, Bobby",GW,5,28,10,15,43,4,5,,11,,7,3,9,3,4,,23,19,2,2,2,,
"Petruccelle, Jack",WC,6,22,9,20,42,2,5,,7,,9,5,9,2,,,25,19,2,3,3,,
"Coleman, Keidean",BL,5,25,9,17,42,2,1,,23,2,7,4,15,3,9,,20,22,1,1,2,1,2
"Glass, Conor",HW,4,26,13,16,42,1,,,10,3,7,3,11,,1,,9,35,,1,11,1,
"Baker, Oskar",ME,3,30,8,11,41,2,,,5,6,6,1,6,3,3,,10,27,,,2,,
"Bellchambers, Tom",ES,7,30,10,11,41,1,,139,10,4,9,12,14,9,7,,27,17,4,1,25,,1
"Berry, Tom",BL,6,16,10,25,41,,2,,12,1,5,,7,2,4,,24,17,3,3,5,,3
"Jong, Lin",WB,3,12,10,29,41,,1,1,9,,4,2,7,2,5,,15,24,4,2,3,,1
"Frampton, Billy",AD,5,22,17,18,40,5,1,20,5,1,3,2,11,2,8,,16,25,3,5,8,,2
"Moore, Dylan",HW,3,18,14,22,40,2,1,,5,1,6,,3,2,,1,13,27,1,2,3,1,1
"Heppell, Dyson",ES,3,15,4,25,40,1,1,,3,2,5,10,2,4,2,,18,23,,1,2,,
"Scharenberg, Matt",CW,3,25,12,15,40,,,,8,3,,,2,1,1,,10,27,,,14,,
"Hosie, Lachlan",NM,5,24,12,15,39,3,1,,4,2,3,1,7,4,2,,15,24,3,1,3,,1
"Minchington, Darren",HW,4,24,6,15,39,2,2,,5,2,6,2,6,1,1,,20,21,1,1,1,4,2
"Payne, Jack",BL,5,28,20,11,39,,,,4,12,1,1,9,1,4,,22,19,7,,27,1,
"Bytel, Jack",SK,3,9,3,30,39,,,,8,1,3,9,5,3,4,,16,25,,,1,,1
"McLean, Hayden",SY,6,24,13,14,38,5,1,14,15,2,5,2,9,1,5,,19,22,4,7,11,,3
"Daniher, Joe",ES,4,31,25,7,38,3,6,2,1,,12,,12,4,8,1,16,23,9,9,5,2,2
"Clark, Jordan",GE,3,24,12,14,38,1,1,,9,,4,,9,1,4,,7,32,,1,3,,
"Smith, Joel",ME,7,23,9,15,38,,,,10,11,2,,13,3,6,,18,22,1,,33,,
"Atkins, Rory",AD,4,20,4,17,37,2,,,8,3,6,1,5,1,3,,16,24,1,3,3,,1
"Jetta, Neville",ME,6,14,6,23,37,,,,8,3,4,1,11,5,6,,24,14,2,,10,,
"Hunt, Jayden",ME,6,27,10,8,35,10,2,,7,1,5,1,6,4,2,,13,22,1,3,8,,1
"Daw, Majak",NM,4,17,9,18,35,3,1,23,8,,6,3,9,3,3,,16,20,2,2,9,,1
"Phillips, Andrew",ES,5,17,8,18,35,,1,107,13,2,5,20,13,5,10,,34,11,4,1,24,,1
"Cumming, Isaac",GW,3,21,11,14,35,,,,5,8,2,,3,,1,,9,19,4,,3,,1
"Constable, Charlie",GE,2,13,4,22,35,,1,,8,2,3,5,8,2,2,,18,18,,,1,,
"Mosquito, Irving",ES,4,15,9,17,32,2,4,,7,1,3,2,3,1,2,,12,21,1,2,1,1,2
"Guthrie, Zach",GE,3,22,7,10,32,2,,,2,4,1,1,7,2,3,,7,25,,1,2,,
"Sutcliffe, Cam",PA,4,18,3,14,32,1,2,,6,,1,1,3,1,,,9,19,,1,5,,2
"Taylor, Sam",GW,4,10,11,22,32,,1,,10,8,,1,7,5,4,,20,12,4,,24,,
"Matera, Brandon",FR,5,25,8,6,31,3,3,,12,,11,2,3,4,3,,11,16,,3,3,,1
"Flanders, Sam",GC,5,17,4,14,31,2,1,,14,1,9,1,10,2,2,,15,15,1,1,4,,1
"Taylor, Elijah",SY,4,17,4,14,31,1,1,,2,3,8,1,10,5,2,,22,11,2,,7,1,1
"Savage, Shane",SK,2,26,8,5,31,1,2,,4,8,5,2,2,,,,7,20,1,,9,,1
"Watson, Tobe",FR,3,21,12,9,30,,,,7,6,3,1,3,1,,,9,23,,,12,,
"Butler, Louis",WB,2,24,6,6,30,,1,,1,5,3,,4,,2,,9,19,1,,2,,
"Milera, Wayne",AD,2,17,7,13,30,,,,2,8,1,,3,,1,,7,20,1,,4,1,1
"Patton, Jonathon",HW,6,18,11,11,29,3,2,5,4,1,4,1,8,4,6,,16,15,2,3,8,,2
"Ronke, Ben",SY,3,19,6,10,29,,,,11,3,7,2,11,2,3,,14,14,,,1,,4
"Perez, Flynn",NM,3,15,7,13,28,,,,8,4,2,1,5,1,2,,10,20,2,,5,,
"Hartley, Michael",HW,2,20,3,8,28,,,,5,15,,,3,1,2,,6,8,1,,8,,
"Dow, Paddy",CA,3,12,6,15,27,1,2,,3,1,3,4,3,2,1,,13,15,,2,,1,1
"Smith, Archie",BL,5,9,2,18,27,,,56,5,1,3,9,10,3,5,,17,10,,,9,,1
"Ling, Matt",SY,3,20,5,6,26,,,,2,7,3,3,9,1,3,,7,18,,,6,,
"Walker, Will",NM,2,12,4,14,26,,,,7,4,2,3,4,,3,,9,17,,,1,,1
"Stoddart, Ryley",SY,2,16,4,10,26,,,,3,2,5,,8,3,,,8,15,,,,,
"Cavarra, Ben",WB,3,15,5,10,25,4,3,,8,1,3,2,4,1,2,,9,15,1,1,1,,
"Wagner, Josh",ME,2,14,5,11,25,,,,3,3,,2,3,1,1,,14,12,1,,3,,
"Cameron, Jarrod",WC,5,16,5,8,24,2,1,,11,,6,,14,2,9,,11,15,,1,3,1,1
"Polson, Cameron",CA,3,16,3,8,24,,1,,3,5,5,1,7,2,2,,9,14,1,,3,,
"Hutchings, Mark",WC,3,15,5,9,24,,,,4,2,5,4,3,,,,8,17,,,2,,
"Ruscoe, Trey",CW,4,17,5,6,23,5,4,,3,,2,,6,1,1,,9,13,1,1,2,,
"Sturt, Sam",FR,3,12,7,11,23,4,,,3,2,3,,,2,,,10,13,1,3,1,,1
"Morris, Josh",HW,4,14,5,9,23,1,2,,6,,6,2,4,1,2,,12,10,,2,2,1,
"Preuss, Braydon",ME,3,16,6,7,23,,,64,1,2,6,2,8,5,1,,15,8,3,,3,,
"Henry, Liam",FR,3,16,8,6,22,1,3,,4,,2,,4,1,,,10,12,,2,2,,1
"Schofield, Will",WC,4,12,3,10,22,,,,8,2,2,,5,2,5,,9,11,,,16,,
"Williams, Bailey",WC,3,10,5,11,21,1,1,24,5,1,3,2,7,2,4,,9,12,2,,3,,
"Reid, Nic",WC,3,8,1,13,21,1,1,,8,1,7,,5,1,2,,10,10,,,,1,1
"Garner, Taylor",NM,2,8,5,13,21,1,,,5,,3,,7,1,3,,11,11,,1,1,,
"Bosenavulagi, Atu",CW,3,9,6,12,21,,,,5,,3,1,8,2,3,,10,13,,,3,2,1
"Gowers, Billy",WB,3,12,3,9,21,,2,,3,,4,2,9,1,4,,7,13,,,4,,
"Jones, Jamaine",WC,2,13,5,8,21,,1,,8,2,5,,6,4,2,,9,12,,,,,
"Dunstan, Luke",SK,1,13,3,8,21,,,,9,,6,2,1,,,1,5,14,,1,1,,1
"Durdin, Sam",NM,3,11,8,9,20,,1,,2,3,3,,3,2,2,,7,12,1,,4,,
"Hayes, Will",WB,2,7,2,13,20,,,,6,2,4,,4,,1,,8,12,,,2,,1
"Xerri, Tristan",NM,4,13,5,6,19,4,,9,8,1,5,3,10,4,7,,12,7,2,2,13,,
"Buckley, Jack",GW,2,11,7,8,19,,,,5,2,2,1,2,2,,,8,11,2,,6,,1
"OHalloran, Xavier",GW,2,9,2,10,19,,,,6,1,7,1,4,3,,,12,6,,1,3,,
"Sharp, Jeremy",GC,2,10,4,9,19,,,,,2,3,,,1,,,3,15,,,1,1,
"Naismith, Sam",SY,2,15,5,4,19,,,53,9,4,6,6,3,3,2,,9,8,1,,5,,
"Weightman, Cody",WB,3,11,4,7,18,3,1,,4,1,2,,8,3,2,,10,8,2,2,1,,
"Dunn, Lynden",CW,2,12,5,6,18,1,,,3,2,3,,2,1,1,,4,11,,,11,,
"Young, Lachie",WB,2,11,2,7,18,1,,,4,2,2,1,2,1,,,9,8,,,1,,
"Brand, Kaiden",SY,2,10,7,8,18,,,,3,3,1,,2,2,,,8,11,3,,9,,
"Cahill, Ned",ES,3,8,4,9,17,2,2,,3,1,2,1,6,1,2,,9,9,,3,1,,1
"Skinner, Sam",BL,2,12,13,5,17,1,2,1,2,1,3,,3,,1,,2,15,,3,2,,
"Reid, Sam",GW,3,7,4,10,17,,,,6,,2,,4,1,2,,4,15,,,5,,1
"Idun, Connor",GW,2,9,5,8,17,,,,1,4,1,,4,2,1,,7,9,,,10,,
"Silvagni, Jack",CA,3,12,5,4,16,2,2,,2,,2,,2,2,,,10,8,2,2,2,,
"Hickey, Tom",WC,3,6,5,10,16,,,42,3,1,3,6,3,,2,,14,8,,,7,,
"Dow, Thomson",RI,2,2,2,14,16,,,,4,1,1,3,4,,1,,7,9,,,,,
"Bedford, Toby",ME,2,6,3,10,16,,1,,4,,2,,7,,3,,5,11,,,1,,1
"Nash, Conor",HW,2,11,5,5,16,,1,,,,4,,2,,1,,6,11,,,1,,1
"Newman, Nic",CA,2,13,4,2,15,,,,2,4,,,5,1,2,,1,11,,,,,
"Foot, Zac",SY,2,7,6,7,14,1,,,4,2,1,,5,1,2,,6,8,1,2,2,,2
"Philp, Sam",CA,2,8,1,6,14,1,1,,3,,3,,3,1,1,,9,8,,,4,,
"Butts, Jordon",AD,2,8,5,6,14,,,,2,5,1,,1,1,1,,4,9,,,7,,
"Warner, Chad",SY,2,9,3,5,14,,,,3,1,5,,4,2,2,,8,6,,,1,,
"Brodie, Will",GC,1,4,3,10,14,,,,1,,,3,3,,,,4,10,,,1,,
"Joyce, Jesse",GC,1,9,3,5,14,,,,1,4,3,,1,,,,5,8,,,,,
"Mathieson, Rhys",BL,1,8,5,6,14,,,,2,,4,1,1,2,,,10,7,1,,1,,1
"Jenkins, Josh",GE,1,8,3,6,14,,,7,4,1,4,2,,1,,,8,7,1,,,,
"Schache, Josh",WB,2,8,3,5,13,2,,,,,1,,2,1,1,,5,7,,2,1,,1
"Parker, Matthew",SK,2,8,1,5,13,,2,,5,,3,,4,2,2,,7,6,,,2,,2
"Hinge, Mitch",BL,1,10,2,3,13,,,,3,1,4,2,,,,,7,6,,,1,,1
"Reid, Ben",CW,2,7,3,4,11,3,,1,1,,2,,3,3,1,,6,5,,1,2,,
"Jones, Harry",HW,1,3,1,8,11,,,,4,1,1,3,3,1,3,,3,8,,,,,
"Mutch, Kobe",ES,1,5,4,6,11,,,,,,1,,1,,1,,1,10,,1,,,
"McCarthy, Cam",FR,1,8,3,3,11,,1,,1,2,1,,2,1,,,4,8,,,1,,
"Maginness, Finn",HW,1,2,,8,10,,,,5,,1,2,1,,1,,7,4,,,1,,
"Fullarton, Tom",BL,2,5,1,4,9,1,3,,2,,,2,2,1,,,6,3,1,1,1,,1
"Ballenden, Connor",BL,2,5,5,4,9,1,1,5,1,,2,1,2,1,1,,5,5,1,3,,,1
"Appleby, Flynn",CW,1,4,1,5,9,1,2,,2,,1,,2,2,1,,5,5,1,1,2,,
"Porter, Callum",WB,1,4,,5,9,,,,4,,1,1,6,1,3,,7,3,,,1,,
"Naish, Patrick",RI,1,3,,6,9,,,,3,,2,1,2,1,,,5,4,,,,,
"Roberton, Dylan",SK,1,7,1,1,8,,,,,4,,,2,,2,,,4,,,6,,
"Trengove, Jackson",WB,1,2,1,6,8,,,3,4,1,,1,1,2,1,,2,6,,,3,,
"OBrien, Lochie",CA,1,5,2,2,7,1,,,2,1,,1,1,,1,,2,5,,1,,,
"Hutchesson, Tom",GW,1,4,2,3,7,,1,,1,1,2,,1,1,,,2,5,,,1,,
"Keane, Mark",CW,1,5,1,2,7,,,,2,1,1,,2,,1,,1,6,,,6,,
"Robertson, Deven",BL,1,3,,4,7,,,,3,,,,1,,1,,4,3,,,2,,
"Broomhead, Tim",CW,1,2,,5,7,,,,2,,1,,2,1,1,,3,4,,,,,
"Farrar, Jy",GC,1,3,2,3,6,1,,,1,,,,,,,,2,5,,,1,,
"Moore, Callum",CA,2,2,2,4,6,,,3,4,,1,1,4,,3,,5,2,1,,5,,
"Sheridan, Tom",GW,1,4,3,2,6,,,,1,1,,,2,,1,,,6,,,,,
"Kelly, Will",CW,1,4,2,1,5,1,1,,,,1,,1,,1,,3,3,1,,1,,
"Davis, Ben",AD,1,4,2,1,5,1,,,2,,2,,,3,,,4,2,1,,1,2,
"Begley, Josh",ES,1,3,2,2,5,1,,,4,,1,,3,1,1,,3,2,,1,1,,
"Brayshaw, Hamish",WC,1,3,1,2,5,,1,,1,,1,,,1,,,1,3,,1,,,
"Jarvis, Ben",GE,1,3,3,2,5,,1,,1,,,,,,,,2,4,1,1,1,,
"Owies, Matthew",CA,1,3,1,2,5,,,,1,,,,3,,2,,4,2,,,1,,
"Byrnes, Ryan",SK,1,2,,3,5,,,,2,,,,2,1,,,3,2,,,1,,
"Adams, Marcus",BL,1,2,1,3,5,,,,,2,,1,1,,1,,4,1,1,,,,
"Brooksby, Keegan",HW,1,4,,1,5,,,10,2,,,2,2,3,2,,5,,,,2,,1
"Campbell, Tom",NM,1,3,1,2,5,,,2,,,3,1,,,,,1,3,,,5,,
"Lang, Darcy",CA,1,2,,2,4,1,1,,2,,,,,,,,3,2,,,1,,1
"Honey, Josh",CA,1,3,2,1,4,,1,,1,,,,1,,,,1,3,,1,,,
"Strachan, Kieran",AD,1,1,,3,4,,,10,4,,,,2,2,2,,4,1,,,2,,
"Young, Lewis",WB,1,3,3,1,4,,1,1,,1,,,4,,3,,,4,,1,,,
"Dickson, Tory",WB,1,,,4,4,,,,1,,,1,,1,,,1,3,,,1,,
"Abbott, Ryan",SK,1,2,2,1,3,1,,2,,,1,,,,,,,3,,1,,,
"Foley, Luke",WC,1,3,2,,3,,,,1,,1,,,,,,1,3,,,4,,
"Amartey, Joel",SY,1,3,,,3,,,8,2,,2,,3,1,2,,2,1,,,3,,
"Edwards, Harry",WC,1,2,,1,3,,,,,2,,,1,,,,2,1,,,,,
"Knight, Riley",AD,1,2,1,1,3,,,,5,,1,,2,,2,,1,2,,,,1,
"Eagles, Matt",BL,2,2,,,2,,,15,4,1,,1,2,,1,,3,,,,2,,
"Lynch, Max",CW,1,1,,1,2,,,2,5,,1,,2,,1,,,2,,,,,
"Kreuzer, Matthew",CA,1,,1,1,1,,,7,1,,,,,,,,,1,,,2,,
